id, first_name, last_name, email, phone, created_at
1,Lani,Rollins,blandit@quam.com,1-633-389-7173,2020-04-02T16:22:13.030Z
2,McKenzie,Burris,mauris.Morbi.non@nequeNullam.com,1-906-235-0832,2020-04-02T16:22:13.030Z
3,Amethyst,Morgan,dui@magnis.ca,1-548-366-6273,2020-04-02T16:22:13.030Z
4,Lamar,Hardin,pharetra.felis.eget@mattisInteger.com,1-519-693-8091,2020-04-02T16:22:13.030Z
5,Keegan,Coleman,leo.Cras.vehicula@musProinvel.edu,1-998-626-8896,2020-04-02T16:22:13.030Z
6,Marshall,Griffith,egestas.Aliquam@Proinvelnisl.edu,1-554-353-5053,2020-04-02T16:22:13.030Z
7,Jonah,Deleon,Donec.tincidunt.Donec@dolor.org,1-782-671-2356,2020-04-02T16:22:13.030Z
8,Jackson,Howell,eleifend@Nuncullamcorpervelit.ca,1-323-738-0807,2020-04-02T16:22:13.030Z
9,Kieran,Edwards,a.enim@perinceptoshymenaeos.com,1-695-830-5757,2020-04-02T16:22:13.030Z
10,Fiona,Howard,ut.quam@loremfringillaornare.org,1-494-585-2386,2020-04-02T16:22:13.030Z
11,Jorden,Ruiz,iaculis.lacus.pede@temporerat.com,1-314-890-5249,2020-04-02T16:22:13.030Z
12,Kendall,Burt,eu.eros@eutellus.org,1-141-379-8276,2020-04-02T16:22:13.030Z
13,Blossom,Cantrell,Suspendisse.aliquet@estarcu.ca,1-369-893-7454,2020-04-02T16:22:13.030Z
14,Latifah,Barron,est@mauris.edu,1-321-158-7603,2020-04-02T16:22:13.030Z
15,Brenna,Horton,morbi@AliquamnislNulla.edu,1-564-409-7698,2020-04-02T16:22:13.030Z
16,Ray,Alexander,ac@Duis.edu,1-400-270-5855,2020-04-02T16:22:13.030Z
17,Tyler,Daniels,ac@morbitristiquesenectus.com,1-192-852-6320,2020-04-02T16:22:13.030Z
18,Hanae,Kelly,Mauris.magna@loremfringillaornare.org,1-136-621-1133,2020-04-02T16:22:13.030Z
19,Barrett,Chan,sed@mollis.org,1-268-800-8354,2020-04-02T16:22:13.030Z
20,Wylie,Holden,et@nibhsit.com,1-174-288-4996,2020-04-02T16:22:13.030Z
21,Hedda,Downs,pede.Nunc.sed@Sedauctor.ca,1-349-185-4895,2020-04-02T16:22:13.030Z
22,Hope,Hooper,viverra@tristiquealiquet.edu,1-669-268-8015,2020-04-02T16:22:13.030Z
23,Avram,Lloyd,Lorem@blanditatnisi.ca,1-834-324-8689,2020-04-02T16:22:13.030Z
24,Emerald,Graham,placerat.velit.Quisque@euismodurnaNullam.com,1-191-903-4185,2020-04-02T16:22:13.030Z
25,Bert,Mullen,mauris@velarcu.org,1-869-728-6513,2020-04-02T16:22:13.030Z
26,Xerxes,Cohen,quam.vel.sapien@orci.com,1-268-787-2932,2020-04-02T16:22:13.030Z
27,Xaviera,Simpson,Fusce.mi.lorem@ligulaAliquam.com,1-463-925-2269,2020-04-02T16:22:13.030Z
28,Joy,Wooten,mi.Aliquam@pede.ca,1-814-208-3061,2020-04-02T16:22:13.030Z
29,Kane,Good,euismod.in@vitaepurusgravida.com,1-648-965-8144,2020-04-02T16:22:13.030Z
30,Blossom,Odom,commodo.at.libero@consectetueripsum.com,1-792-199-1426,2020-04-02T16:22:13.030Z
31,Ivy,Wise,egestas.lacinia.Sed@consequatnec.org,1-680-405-9126,2020-04-02T16:22:13.030Z
32,Allegra,Rosales,elit.pellentesque@Nullamenim.org,1-545-798-3482,2020-04-02T16:22:13.030Z
33,Candice,Kent,neque.Morbi@risus.ca,1-533-455-0536,2020-04-02T16:22:13.030Z
34,Yen,Ryan,Cras@Nuncullamcorper.edu,1-161-509-6241,2020-04-02T16:22:13.030Z
35,Vivian,Larson,orci.Ut@et.edu,1-445-598-1973,2020-04-02T16:22:13.030Z
36,Lawrence,Beach,risus@rhoncus.ca,1-678-303-4989,2020-04-02T16:22:13.030Z
37,Marvin,Stuart,amet.ultricies.sem@vitae.edu,1-721-818-2782,2020-04-02T16:22:13.030Z
38,Kimberley,Alvarado,sed.dui.Fusce@Morbiquis.com,1-877-365-2340,2020-04-02T16:22:13.030Z
39,Yardley,Pruitt,eu@nullaante.com,1-471-640-8907,2020-04-02T16:22:13.030Z
40,James,Oneill,pede.Cras@eleifendnec.org,1-881-215-2135,2020-04-02T16:22:13.030Z
41,Florence,Ruiz,lorem@aliquet.ca,1-729-520-3677,2020-04-02T16:22:13.030Z
42,Jerry,Ellison,sit.amet.consectetuer@elit.edu,1-396-500-9380,2020-04-02T16:22:13.030Z
43,Aphrodite,Whitfield,enim.Curabitur.massa@elementumategestas.ca,1-328-695-3383,2020-04-02T16:22:13.030Z
44,Hayes,Weber,ac@tincidunt.edu,1-711-759-7595,2020-04-02T16:22:13.030Z
45,Justine,Mosley,nec.ligula@Pellentesquehabitantmorbi.edu,1-577-815-1542,2020-04-02T16:22:13.030Z
46,Alfreda,Peck,eu.elit@rutrumeu.com,1-103-863-3199,2020-04-02T16:22:13.030Z
47,Jessamine,Swanson,placerat.orci.lacus@malesuadaInteger.com,1-279-324-6219,2020-04-02T16:22:13.030Z
48,Jemima,Mack,Duis.volutpat@Cumsociis.com,1-415-725-7745,2020-04-02T16:22:13.030Z
49,Isabella,Santiago,erat@Duisami.ca,1-302-923-9793,2020-04-02T16:22:13.030Z
50,Maia,Mathews,vulputate.risus.a@scelerisquemollisPhasellus.com,1-730-514-0531,2020-04-02T16:22:13.030Z
51,Hiram,Freeman,ipsum.Phasellus.vitae@ullamcorpereu.com,1-628-507-8637,2020-04-02T16:22:13.030Z
52,Kameko,Garrison,Morbi.neque.tellus@molestie.edu,1-625-688-7216,2020-04-02T16:22:13.030Z
53,Ivy,Robinson,Phasellus.nulla@malesuadavel.org,1-884-748-4013,2020-04-02T16:22:13.030Z
54,Zachery,Diaz,adipiscing.elit@nullavulputatedui.org,1-463-284-8324,2020-04-02T16:22:13.030Z
55,Charissa,Mitchell,pede@utsem.com,1-261-763-9654,2020-04-02T16:22:13.030Z
56,Montana,Hardy,vel@pellentesquetellussem.org,1-960-893-2196,2020-04-02T16:22:13.030Z
57,Alexander,Henson,Nullam.nisl.Maecenas@aliquamenim.org,1-319-384-6588,2020-04-02T16:22:13.030Z
58,Octavia,Odom,per.inceptos@nonfeugiatnec.com,1-526-745-3491,2020-04-02T16:22:13.030Z
59,Ruby,Maddox,fringilla.est@mollisduiin.com,1-167-716-6832,2020-04-02T16:22:13.030Z
60,Buckminster,Woodward,Curabitur.ut@metusAliquam.edu,1-325-675-7514,2020-04-02T16:22:13.030Z
61,Troy,Vinson,eu@netus.ca,1-796-489-6093,2020-04-02T16:22:13.030Z
62,Ivan,Hernandez,dui@Craseutellus.edu,1-316-167-5567,2020-04-02T16:22:13.030Z
63,Riley,Nguyen,mollis.dui@sapiencursus.com,1-843-542-8970,2020-04-02T16:22:13.030Z
64,Hermione,Hahn,Aenean.egestas@nonantebibendum.edu,1-728-385-0615,2020-04-02T16:22:13.030Z
65,Jerry,Mcintosh,accumsan@dolortempus.com,1-905-802-7462,2020-04-02T16:22:13.030Z
66,Tamekah,Fox,amet.consectetuer.adipiscing@vitae.ca,1-403-475-9211,2020-04-02T16:22:13.030Z
67,Benedict,Lloyd,Vivamus.euismod.urna@nibhPhasellus.ca,1-381-127-3111,2020-04-02T16:22:13.030Z
68,Chaim,Cherry,Etiam@Maecenasiaculis.com,1-808-829-9357,2020-04-02T16:22:13.030Z
69,Paloma,Avila,dis.parturient@molestie.ca,1-486-797-8181,2020-04-02T16:22:13.030Z
70,Cheryl,Hayes,et.ipsum@id.com,1-294-239-8095,2020-04-02T16:22:13.030Z
71,Nash,Flynn,lorem@facilisisSuspendisse.edu,1-488-207-3219,2020-04-02T16:22:13.030Z
72,Rebecca,Harris,Curae;.Phasellus@urnanec.org,1-676-586-0591,2020-04-02T16:22:13.030Z
73,Althea,Mcintyre,sem.vitae.aliquam@temporeratneque.ca,1-286-518-4810,2020-04-02T16:22:13.030Z
74,Brock,Paul,mattis.Integer@aliquetdiam.com,1-820-970-9769,2020-04-02T16:22:13.030Z
75,Vanna,Maddox,nunc.id.enim@eunequepellentesque.org,1-373-765-8833,2020-04-02T16:22:13.030Z
76,Maia,Morrison,egestas.Fusce.aliquet@quispede.edu,1-461-447-3331,2020-04-02T16:22:13.030Z
77,Evan,Barnes,erat.in.consectetuer@Donec.com,1-138-812-2889,2020-04-02T16:22:13.030Z
78,Sylvia,Gomez,vehicula.risus.Nulla@velfaucibusid.edu,1-209-542-6835,2020-04-02T16:22:13.030Z
79,Noble,Mills,Quisque@NullamenimSed.ca,1-571-859-7437,2020-04-02T16:22:13.030Z
80,Jaime,Bell,mus.Aenean@Curabitur.org,1-699-372-8480,2020-04-02T16:22:13.030Z
81,Jarrod,Lopez,egestas.ligula@egestas.org,1-884-627-3686,2020-04-02T16:22:13.030Z
82,George,Ball,a@etnetuset.ca,1-181-829-8754,2020-04-02T16:22:13.030Z
83,Bevis,Mckenzie,justo.sit.amet@parturientmontes.edu,1-178-547-1872,2020-04-02T16:22:13.030Z
84,Quintessa,Howell,eu.dui@ipsumleo.ca,1-347-212-6283,2020-04-02T16:22:13.030Z
85,September,Fulton,sem.ut.dolor@leoin.ca,1-805-182-3676,2020-04-02T16:22:13.030Z
86,Edan,Clements,erat.semper.rutrum@pedenonummy.ca,1-730-358-6414,2020-04-02T16:22:13.030Z
87,Francis,Medina,Nam@neccursus.org,1-508-865-4972,2020-04-02T16:22:13.030Z
88,Yetta,Faulkner,egestas.lacinia@semPellentesqueut.ca,1-336-978-3144,2020-04-02T16:22:13.030Z
89,Davis,Vega,commodo.tincidunt@dolortempus.ca,1-323-721-0245,2020-04-02T16:22:13.030Z
90,Wing,Hatfield,tincidunt.congue@turpisIncondimentum.com,1-651-165-4851,2020-04-02T16:22:13.030Z
91,Quon,Wilcox,dictum.ultricies.ligula@quam.ca,1-920-144-5488,2020-04-02T16:22:13.030Z
92,Carson,Lynch,Cum.sociis@magna.org,1-272-668-7475,2020-04-02T16:22:13.030Z
93,Xaviera,Anderson,amet.metus@eu.ca,1-133-672-4970,2020-04-02T16:22:13.030Z
94,Ivor,Weber,Nam@vulputate.com,1-852-509-0906,2020-04-02T16:22:13.030Z
95,Stella,Armstrong,adipiscing.elit@dictum.edu,1-654-142-1913,2020-04-02T16:22:13.030Z
96,Ann,Farrell,scelerisque@turpis.org,1-686-786-3777,2020-04-02T16:22:13.030Z
97,Kennedy,Rich,euismod.est@iaculisodio.edu,1-553-644-9572,2020-04-02T16:22:13.030Z
98,Adria,Santiago,nibh@nuncullamcorper.com,1-180-457-1157,2020-04-02T16:22:13.030Z
99,Sarah,Waters,nonummy.ac.feugiat@diamSed.com,1-187-134-2333,2020-04-02T16:22:13.030Z
100,Bernard,Price,tellus@tempordiamdictum.org,1-373-588-1689,2020-04-02T16:22:13.030Z
101,Maia,Estrada,et.commodo@dictumeu.org,1-451-794-0013,2020-04-02T16:22:13.030Z
102,Kimberly,Banks,cursus.non@nec.com,1-703-971-8342,2020-04-02T16:22:13.030Z
103,Dane,Rosales,metus.Aliquam@auctor.edu,1-994-906-2567,2020-04-02T16:22:13.030Z
104,Melodie,Whitehead,dui.Cras.pellentesque@vulputateposuerevulputate.com,1-665-590-7281,2020-04-02T16:22:13.030Z
105,Bethany,Baird,est@lobortisauguescelerisque.org,1-801-168-8287,2020-04-02T16:22:13.030Z
106,Haviva,Lane,ultrices.mauris@ornare.com,1-634-452-5636,2020-04-02T16:22:13.030Z
107,Perry,Day,arcu.Morbi.sit@lacinia.com,1-233-161-7064,2020-04-02T16:22:13.030Z
108,Sheila,Rollins,Pellentesque.tincidunt.tempus@Nullaeget.org,1-850-423-0956,2020-04-02T16:22:13.030Z
109,Donovan,Melendez,vulputate.dui@insodaleselit.edu,1-842-548-9366,2020-04-02T16:22:13.030Z
110,Leandra,Boone,feugiat.nec.diam@atauctorullamcorper.com,1-356-341-9774,2020-04-02T16:22:13.030Z
111,Kaden,Matthews,ante@consectetuermauris.ca,1-906-932-5932,2020-04-02T16:22:13.030Z
112,Eleanor,Ewing,faucibus.leo@Quisquenonummy.edu,1-853-831-2874,2020-04-02T16:22:13.030Z
113,Ignatius,Bruce,nonummy@cursus.ca,1-951-554-7873,2020-04-02T16:22:13.030Z
114,Hillary,Francis,vel.faucibus@arcu.edu,1-931-228-6606,2020-04-02T16:22:13.030Z
115,Shana,Barry,Nunc.commodo.auctor@rhoncusNullamvelit.ca,1-582-360-6031,2020-04-02T16:22:13.030Z
116,Nasim,James,orci@Curabituregestas.ca,1-677-247-8286,2020-04-02T16:22:13.030Z
117,Wallace,Rogers,Sed@a.edu,1-550-263-3284,2020-04-02T16:22:13.030Z
118,Zephr,Durham,et@mattisIntegereu.org,1-123-942-6496,2020-04-02T16:22:13.030Z
119,Carla,Edwards,id.ante@sitametrisus.edu,1-165-394-8968,2020-04-02T16:22:13.030Z
120,Shay,Lindsey,Ut.sagittis@velconvallis.ca,1-630-370-9934,2020-04-02T16:22:13.030Z
121,Barbara,Carson,Morbi.sit@Duis.ca,1-522-329-1148,2020-04-02T16:22:13.030Z
122,Leandra,Briggs,purus.Duis.elementum@consectetueradipiscingelit.org,1-976-869-3719,2020-04-02T16:22:13.030Z
123,Amos,Ellis,ac@nequeInornare.edu,1-171-286-0476,2020-04-02T16:22:13.030Z
124,Sylvia,Hernandez,bibendum.sed.est@nonluctus.edu,1-319-681-5937,2020-04-02T16:22:13.030Z
125,Sandra,Burnett,ac@vitae.edu,1-487-424-1198,2020-04-02T16:22:13.030Z
126,Kimberly,Espinoza,enim@Vivamuseuismod.org,1-126-610-3915,2020-04-02T16:22:13.030Z
127,Yoshi,Good,leo.elementum@NullamnislMaecenas.ca,1-264-373-0363,2020-04-02T16:22:13.030Z
128,Teagan,Burnett,neque.In.ornare@eget.edu,1-802-293-7973,2020-04-02T16:22:13.030Z
129,Barbara,Kemp,malesuada.id.erat@porttitorscelerisque.com,1-917-944-3359,2020-04-02T16:22:13.030Z
130,Sharon,Ramsey,erat.Etiam.vestibulum@commodotincidunt.edu,1-786-673-9886,2020-04-02T16:22:13.030Z
131,Stuart,Lloyd,montes@Fuscefermentum.edu,1-565-700-7886,2020-04-02T16:22:13.030Z
132,Tyler,Henry,Praesent.eu@tristique.ca,1-711-790-3864,2020-04-02T16:22:13.030Z
133,Carter,Bolton,sit.amet@vitaesodales.ca,1-339-127-6111,2020-04-02T16:22:13.030Z
134,Graham,Gonzalez,sodales.Mauris@at.com,1-854-240-5612,2020-04-02T16:22:13.030Z
135,Tate,Noble,scelerisque.dui@ipsumdolorsit.org,1-124-745-9894,2020-04-02T16:22:13.030Z
136,Zoe,Barr,Nullam@arcuacorci.ca,1-918-579-8663,2020-04-02T16:22:13.030Z
137,Harper,Mitchell,orci.lobortis@Etiambibendumfermentum.com,1-410-490-8909,2020-04-02T16:22:13.030Z
138,Fatima,Stafford,egestas.a@euplacerateget.ca,1-459-215-5529,2020-04-02T16:22:13.030Z
139,Liberty,Taylor,aliquet.magna@Suspendisse.edu,1-671-561-4900,2020-04-02T16:22:13.030Z
140,Berk,Sweeney,aliquam.eu.accumsan@ultricies.ca,1-555-107-0666,2020-04-02T16:22:13.030Z
141,Oren,Zamora,Proin.ultrices@egetodio.edu,1-272-572-6814,2020-04-02T16:22:13.030Z
142,Vera,Hewitt,ac.mattis.ornare@nibhAliquamornare.org,1-932-909-5799,2020-04-02T16:22:13.030Z
143,Lucian,Morrison,convallis@commodotinciduntnibh.ca,1-460-952-3461,2020-04-02T16:22:13.030Z
144,Heather,Langley,commodo.at@dolorsit.edu,1-471-951-9180,2020-04-02T16:22:13.030Z
145,Quamar,Mckay,cursus.in.hendrerit@nullaanteiaculis.org,1-808-355-3908,2020-04-02T16:22:13.030Z
146,Sandra,Keller,vestibulum.massa@turpisNullaaliquet.edu,1-893-701-7876,2020-04-02T16:22:13.030Z
147,Ila,Peterson,non@eudolor.ca,1-875-375-0506,2020-04-02T16:22:13.030Z
148,Lane,Valencia,tortor@Duisrisusodio.edu,1-503-281-8389,2020-04-02T16:22:13.030Z
149,Hedwig,Hooper,Mauris@libero.ca,1-574-624-2842,2020-04-02T16:22:13.030Z
150,Lyle,Calderon,tellus@hymenaeosMauris.edu,1-712-640-5847,2020-04-02T16:22:13.030Z
151,Dahlia,Rivers,Cras.pellentesque.Sed@lectus.org,1-870-154-2255,2020-04-02T16:22:13.030Z
152,Xerxes,Christensen,malesuada.fames.ac@sollicitudincommodoipsum.com,1-543-128-8466,2020-04-02T16:22:13.030Z
153,Linda,Sweeney,non@idenimCurabitur.edu,1-856-172-6643,2020-04-02T16:22:13.030Z
154,Piper,Green,semper.rutrum@velpedeblandit.com,1-991-847-5066,2020-04-02T16:22:13.030Z
155,Darryl,Hickman,luctus.sit@Donec.edu,1-383-947-2216,2020-04-02T16:22:13.030Z
156,Ella,Anthony,blandit.viverra@metus.ca,1-886-493-0176,2020-04-02T16:22:13.030Z
157,Maggie,Wiggins,luctus.et.ultrices@eros.edu,1-208-439-0694,2020-04-02T16:22:13.030Z
158,Dorothy,Wooten,diam.dictum.sapien@ametnullaDonec.ca,1-351-478-0387,2020-04-02T16:22:13.030Z
159,Austin,Burke,vitae.purus@a.ca,1-779-739-1699,2020-04-02T16:22:13.030Z
160,Quentin,Rowland,nisi.dictum@cursus.org,1-485-514-2255,2020-04-02T16:22:13.030Z
161,Haviva,Sharp,velit@sempertellus.com,1-312-572-3509,2020-04-02T16:22:13.030Z
162,Ashton,Boyd,dolor.Nulla.semper@sodaleselit.com,1-997-213-8518,2020-04-02T16:22:13.030Z
163,Walter,Poole,auctor.ullamcorper@pharetra.org,1-547-898-7097,2020-04-02T16:22:13.030Z
164,Ronan,Higgins,gravida.sagittis@purusac.ca,1-663-425-2128,2020-04-02T16:22:13.030Z
165,Jenette,Elliott,mollis.Phasellus@accumsansedfacilisis.ca,1-606-405-1996,2020-04-02T16:22:13.030Z
166,Aquila,Hammond,lacus@temporeratneque.com,1-408-720-5731,2020-04-02T16:22:13.030Z
167,Rashad,Bradley,consectetuer@quamvelsapien.com,1-138-228-8329,2020-04-02T16:22:13.030Z
168,Gail,Craig,lorem.sit.amet@atrisus.org,1-416-999-1603,2020-04-02T16:22:13.030Z
169,Fletcher,Price,ullamcorper.Duis@euismodindolor.com,1-922-755-7975,2020-04-02T16:22:13.030Z
170,Lance,Graves,non.nisi@tortorNunccommodo.org,1-656-827-1647,2020-04-02T16:22:13.030Z
171,Courtney,Delgado,tortor.Nunc.commodo@elit.ca,1-954-741-2057,2020-04-02T16:22:13.030Z
172,Branden,Estrada,fermentum.risus@utnisia.com,1-731-896-6183,2020-04-02T16:22:13.030Z
173,Summer,Bates,egestas.blandit@enimCurabiturmassa.com,1-635-930-7532,2020-04-02T16:22:13.030Z
174,Felicia,Franco,adipiscing@tristique.ca,1-866-584-8652,2020-04-02T16:22:13.030Z
175,Kimberley,Lang,at@urna.com,1-285-839-0723,2020-04-02T16:22:13.030Z
176,Joy,Diaz,enim@Aenean.edu,1-645-511-7768,2020-04-02T16:22:13.030Z
177,Libby,Santos,risus@Sedegetlacus.org,1-864-836-2892,2020-04-02T16:22:13.030Z
178,Elvis,Bartlett,Nulla.dignissim.Maecenas@faucibuslectus.ca,1-250-827-6850,2020-04-02T16:22:13.030Z
179,Tanisha,Jenkins,accumsan@sagittis.ca,1-216-495-7256,2020-04-02T16:22:13.030Z
180,Mercedes,Dyer,eu@idsapien.org,1-384-979-9641,2020-04-02T16:22:13.030Z
181,Blake,Pacheco,sed@eleifendnecmalesuada.org,1-312-148-6107,2020-04-02T16:22:13.030Z
182,Phillip,Kaufman,augue.porttitor@auctorullamcorpernisl.ca,1-708-662-8898,2020-04-02T16:22:13.030Z
183,Shaeleigh,Romero,blandit@Curabitur.org,1-165-876-5519,2020-04-02T16:22:13.030Z
184,Zelda,Stephens,purus@enimsit.org,1-298-178-8668,2020-04-02T16:22:13.030Z
185,Callum,Park,mollis@Donecdignissimmagna.com,1-640-202-1903,2020-04-02T16:22:13.030Z
186,Shafira,Moody,amet.dapibus.id@bibendumfermentummetus.com,1-842-608-5255,2020-04-02T16:22:13.030Z
187,Brenda,Gould,magna@Nullaeuneque.org,1-268-369-6552,2020-04-02T16:22:13.030Z
188,Amber,Harper,Cras.eu.tellus@turpis.org,1-845-470-9841,2020-04-02T16:22:13.030Z
189,Haviva,Harper,Quisque.tincidunt.pede@justoPraesent.ca,1-728-473-6876,2020-04-02T16:22:13.030Z
190,Deirdre,Wilkins,posuere@urnanecluctus.com,1-325-209-3431,2020-04-02T16:22:13.030Z
191,Ivana,Stark,nunc.sed.pede@auctorvitae.edu,1-174-752-3723,2020-04-02T16:22:13.030Z
192,Omar,Bishop,Nulla.tempor.augue@Nunc.org,1-506-840-0997,2020-04-02T16:22:13.030Z
193,Dominique,Lynch,turpis.Nulla.aliquet@Fuscemi.ca,1-301-683-9547,2020-04-02T16:22:13.030Z
194,Perry,Pope,molestie.tortor.nibh@tincidunt.edu,1-142-231-9667,2020-04-02T16:22:13.030Z
195,Alika,Dorsey,risus@luctusut.edu,1-203-167-8357,2020-04-02T16:22:13.030Z
196,Sloane,Reynolds,Ut.tincidunt@mollisPhaselluslibero.edu,1-943-900-6028,2020-04-02T16:22:13.030Z
197,Abra,Sanders,arcu@interdumCurabiturdictum.com,1-182-827-5052,2020-04-02T16:22:13.030Z
198,Blaze,Gould,lorem@Nullaeu.org,1-377-980-7889,2020-04-02T16:22:13.030Z
199,Talon,Ryan,condimentum@risusNuncac.org,1-712-327-5317,2020-04-02T16:22:13.030Z
200,Merritt,Joyce,malesuada.fringilla@elitNullafacilisi.edu,1-702-580-4785,2020-04-02T16:22:13.030Z
201,Ardith,Mayert,Kale35@yahoo.com,(119) 023-4751 x679,2020-04-02T16:22:13.030Z
202,Perry,Rempel,Omari.Harvey27@yahoo.com,593.631.1534 x07743,2020-04-02T16:22:13.030Z
203,Asia,DuBuque,Eugenia4@hotmail.com,393-850-5899 x157,2020-04-02T16:22:13.030Z
204,Amalia,Leannon,Buford32@gmail.com,785-235-6264,2020-04-02T16:22:13.030Z
205,Ruth,Tromp,Dagmar25@yahoo.com,(378) 617-1957,2020-04-02T16:22:13.030Z
206,Mertie,Williamson,Aliya_Lemke@hotmail.com,906.514.8415 x306,2020-04-02T16:22:13.030Z
207,Marvin,Kautzer,Alexandre_Mann37@yahoo.com,123.555.0842,2020-04-02T16:22:13.030Z
208,Stephany,Stokes,Brendon29@yahoo.com,825.151.4360 x123,2020-04-02T16:22:13.030Z
209,Jed,Kunze,Raoul96@yahoo.com,(775) 157-1088,2020-04-02T16:22:13.030Z
210,Sid,Stoltenberg,Raina98@yahoo.com,185.208.2818 x708,2020-04-02T16:22:13.030Z
211,Arden,Hand,Shyann59@yahoo.com,322-291-5494,2020-04-02T16:22:13.030Z
212,Mckenna,Runte,Guido_Mayert@gmail.com,1-356-239-3467 x1099,2020-04-02T16:22:13.030Z
213,Joseph,Dach,Perry70@gmail.com,385-746-2452 x102,2020-04-02T16:22:13.030Z
214,Braeden,Casper,Asha.King@hotmail.com,(292) 841-0307 x3837,2020-04-02T16:22:13.030Z
215,Gene,Kiehn,Allie2@hotmail.com,(468) 123-5265,2020-04-02T16:22:13.030Z
216,Sidney,Marvin,Elwyn23@yahoo.com,1-372-104-5878,2020-04-02T16:22:13.030Z
217,Rosie,Ziemann,Diana_Keeling30@gmail.com,(691) 855-1581,2020-04-02T16:22:13.030Z
218,Adolphus,Cremin,Birdie_Rosenbaum@yahoo.com,1-384-171-5970 x3042,2020-04-02T16:22:13.030Z
219,Elliot,Treutel,Brock87@hotmail.com,1-897-937-4407,2020-04-02T16:22:13.030Z
220,Hadley,Volkman,Rosalee_Buckridge24@yahoo.com,793.475.6476 x23868,2020-04-02T16:22:13.030Z
221,Callie,Pagac,Maverick_Toy41@hotmail.com,758-210-3227 x74350,2020-04-02T16:22:13.030Z
222,Dennis,McLaughlin,Nia90@yahoo.com,1-709-296-9413 x12536,2020-04-02T16:22:13.030Z
223,Wilma,VonRueden,Vesta99@gmail.com,255.362.9557 x851,2020-04-02T16:22:13.030Z
224,Raina,Crist,Elta73@yahoo.com,631.798.2230 x457,2020-04-02T16:22:13.030Z
225,Elroy,Casper,Zetta.Oberbrunner0@yahoo.com,1-040-156-6908 x005,2020-04-02T16:22:13.030Z
226,Fiona,Kirlin,Fatima.Lesch@yahoo.com,(910) 663-5187 x880,2020-04-02T16:22:13.030Z
227,Amelie,Thiel,Emely_Mitchell@hotmail.com,1-763-051-0241 x31274,2020-04-02T16:22:13.030Z
228,Leopoldo,Kirlin,Demetrius.Block@gmail.com,1-962-445-8229,2020-04-02T16:22:13.030Z
229,Ashlee,Konopelski,Dereck66@hotmail.com,752.464.8980 x881,2020-04-02T16:22:13.030Z
230,Cara,Ankunding,Violette73@hotmail.com,187-156-1215 x7182,2020-04-02T16:22:13.030Z
231,Shane,O'Hara,Nyasia.Kling@gmail.com,(677) 015-5078,2020-04-02T16:22:13.030Z
232,Bret,Simonis,Ella.Wehner56@gmail.com,091.829.2927 x84611,2020-04-02T16:22:13.030Z
233,Flo,Howell,Jamal37@yahoo.com,(784) 670-2807 x01873,2020-04-02T16:22:13.030Z
234,Neva,Kertzmann,Jaleel.Barton23@gmail.com,559-861-8264 x8448,2020-04-02T16:22:13.030Z
235,Eli,Heaney,Carolyn.Kuhlman56@hotmail.com,702.502.0348 x1105,2020-04-02T16:22:13.030Z
236,Noe,Hoppe,Juana.Bruen@yahoo.com,1-092-752-9577,2020-04-02T16:22:13.030Z
237,Sigmund,Walsh,Nyah_Runte57@hotmail.com,(644) 022-2677,2020-04-02T16:22:13.030Z
238,Marisa,Ratke,Makayla_Roob53@yahoo.com,892.970.4802 x7964,2020-04-02T16:22:13.030Z
239,Shyanne,Donnelly,Wade_Robel20@gmail.com,1-390-142-6312 x76202,2020-04-02T16:22:13.030Z
240,Johanna,Nikolaus,Alena_Bruen87@yahoo.com,008.936.7796 x776,2020-04-02T16:22:13.030Z
241,Natalie,Buckridge,Taurean.Bergstrom@gmail.com,052-217-5654,2020-04-02T16:22:13.030Z
242,Korey,Gaylord,Newton_Towne@yahoo.com,1-982-367-0718,2020-04-02T16:22:13.030Z
243,Florence,Huels,Karson.Jones@gmail.com,1-608-752-4687,2020-04-02T16:22:13.030Z
244,Brennon,Hand,Thalia.Jakubowski70@gmail.com,1-591-116-8730 x343,2020-04-02T16:22:13.030Z
245,Jadyn,Denesik,Raul_Hilll@yahoo.com,961.764.8584,2020-04-02T16:22:13.030Z
246,Kayli,Goyette,Kelsie.Rowe@hotmail.com,(521) 969-8932,2020-04-02T16:22:13.030Z
247,Rosa,Lind,Gina25@yahoo.com,(914) 823-1365,2020-04-02T16:22:13.030Z
248,Mario,Mueller,Trenton_Moore@gmail.com,659-211-1304 x75250,2020-04-02T16:22:13.030Z
249,Elias,Collier,Cory_Nienow61@yahoo.com,204-922-7642 x5547,2020-04-02T16:22:13.030Z
250,Rodrigo,Schmitt,Skyla.Koch@hotmail.com,(056) 178-9897,2020-04-02T16:22:13.030Z
251,Kennedi,Balistreri,Xzavier_Parker@hotmail.com,573.607.5140 x07188,2020-04-02T16:22:13.030Z
252,Aiyana,Mertz,Oceane.Prohaska32@gmail.com,1-910-266-9494 x7659,2020-04-02T16:22:13.030Z
253,Deborah,Kohler,Haylie_Grant92@gmail.com,(586) 406-7119,2020-04-02T16:22:13.030Z
254,Brielle,Murphy,Stephanie_Schaefer10@gmail.com,644.279.0700,2020-04-02T16:22:13.030Z
255,Milan,Corkery,Louisa_Stracke56@gmail.com,1-058-143-9480,2020-04-02T16:22:13.030Z
256,Caroline,Cassin,Roy_Brakus@gmail.com,557.577.3101,2020-04-02T16:22:13.030Z
257,Jensen,Kulas,Marilie1@gmail.com,(268) 452-4743 x877,2020-04-02T16:22:13.030Z
258,Mae,Ebert,Ruben65@gmail.com,894-947-5163,2020-04-02T16:22:13.030Z
259,Brice,Emmerich,Kaya.Jacobs14@gmail.com,622-248-3161,2020-04-02T16:22:13.030Z
260,Erick,Greenholt,Anita_Stokes82@yahoo.com,(218) 206-3207,2020-04-02T16:22:13.030Z
261,Paris,Hyatt,Ella64@hotmail.com,1-150-343-9853 x95657,2020-04-02T16:22:13.030Z
262,Rowena,Wolff,Talon.Fisher@gmail.com,405.556.4295 x800,2020-04-02T16:22:13.030Z
263,Joelle,Heidenreich,Sincere.Durgan44@gmail.com,151.842.9587,2020-04-02T16:22:13.030Z
264,Dovie,Smitham,Marquise.Franecki85@gmail.com,(752) 633-6250,2020-04-02T16:22:13.030Z
265,Jennie,Gibson,Garett.Hilpert5@gmail.com,(559) 662-9002,2020-04-02T16:22:13.030Z
266,Hope,Gutmann,Faye.Davis94@hotmail.com,897.399.4583,2020-04-02T16:22:13.030Z
267,Deonte,Harris,Ana8@yahoo.com,(052) 129-5795,2020-04-02T16:22:13.030Z
268,Lesly,Reichel,Lenna_Wintheiser@gmail.com,769-257-5827 x25389,2020-04-02T16:22:13.030Z
269,Jade,Ledner,Delphine_Roob@gmail.com,1-103-805-2231 x2702,2020-04-02T16:22:13.030Z
270,Brent,Christiansen,Ali.Abernathy39@hotmail.com,214-069-7332 x43210,2020-04-02T16:22:13.030Z
271,Vena,Hackett,Kailee_McKenzie22@hotmail.com,(762) 147-1990,2020-04-02T16:22:13.030Z
272,Alexandre,Stehr,Janessa61@yahoo.com,1-004-591-8130,2020-04-02T16:22:13.030Z
273,Ocie,Halvorson,Marielle74@gmail.com,121.085.9531 x6189,2020-04-02T16:22:13.030Z
274,Clementine,Legros,Joey73@hotmail.com,151.475.0015,2020-04-02T16:22:13.030Z
275,Mazie,Huel,Abbie.Watsica43@hotmail.com,327-894-7354 x617,2020-04-02T16:22:13.030Z
276,Samson,Krajcik,Austen7@yahoo.com,650.325.8127 x157,2020-04-02T16:22:13.030Z
277,Vella,Kovacek,Osbaldo_Hills22@yahoo.com,501-298-8110 x7456,2020-04-02T16:22:13.030Z
278,Arch,Brown,Isabel50@hotmail.com,466-672-2743,2020-04-02T16:22:13.030Z
279,Bernita,Dicki,Kristin89@gmail.com,821-754-6378,2020-04-02T16:22:13.030Z
280,Madge,Lehner,Charlie_Quitzon@gmail.com,776-981-5107 x3678,2020-04-02T16:22:13.030Z
281,Melvin,Upton,Katrina_Kunze31@gmail.com,044-734-6956,2020-04-02T16:22:13.030Z
282,Vella,Friesen,Ashton.West@yahoo.com,1-053-975-1314 x500,2020-04-02T16:22:13.030Z
283,Mckenna,Murazik,Nolan83@yahoo.com,(921) 537-7378,2020-04-02T16:22:13.030Z
284,Alexie,Lakin,Muhammad20@yahoo.com,(427) 619-1968,2020-04-02T16:22:13.030Z
285,Jadyn,Leuschke,Easter_Dickens43@yahoo.com,(943) 951-2926 x16133,2020-04-02T16:22:13.030Z
286,Emory,Nitzsche,Norval88@yahoo.com,(715) 552-2919,2020-04-02T16:22:13.030Z
287,Lloyd,Gerhold,Sydni.Bartoletti@hotmail.com,(439) 026-8444,2020-04-02T16:22:13.030Z
288,Zelda,Turner,Maci86@gmail.com,720-898-0727,2020-04-02T16:22:13.030Z
289,Graham,Vandervort,Magdalen_Harber@gmail.com,320-851-0378,2020-04-02T16:22:13.030Z
290,Alison,Daniel,Dale.Morar@hotmail.com,440-712-2864 x86212,2020-04-02T16:22:13.030Z
291,Quinn,Kuphal,Madisyn.Ortiz@yahoo.com,(497) 205-6990,2020-04-02T16:22:13.030Z
292,Olin,McGlynn,Arden_Lemke@hotmail.com,066.830.9262 x0053,2020-04-02T16:22:13.030Z
293,Antonette,Ratke,Karianne_Wiegand@gmail.com,(312) 846-7936,2020-04-02T16:22:13.030Z
294,Malinda,Hilll,Irma.Gorczany68@hotmail.com,571-048-7484 x1745,2020-04-02T16:22:13.030Z
295,Lucy,Sawayn,Alayna.Windler@hotmail.com,888-430-9872 x4960,2020-04-02T16:22:13.030Z
296,Amaya,Walker,Briana.Turcotte68@gmail.com,225.129.1378 x25148,2020-04-02T16:22:13.030Z
297,Junior,Gerhold,Valentine47@gmail.com,(756) 052-2547,2020-04-02T16:22:13.030Z
298,Laurianne,Witting,Coralie_Ryan@yahoo.com,461-019-8052 x84580,2020-04-02T16:22:13.030Z
299,Landen,Bergstrom,Hank6@gmail.com,151.192.2826,2020-04-02T16:22:13.030Z
300,Juana,Wilderman,Onie.Koss@gmail.com,(474) 421-7622 x437,2020-04-02T16:22:13.030Z
301,Abel,Littel,Jerrell.Hickle@gmail.com,568-251-1893 x96897,2020-04-02T16:22:13.030Z
302,Liliana,Klocko,Jaron_Witting85@gmail.com,344-622-0059,2020-04-02T16:22:13.030Z
303,Chyna,Adams,Virgie.Cole@gmail.com,(797) 703-5104 x218,2020-04-02T16:22:13.030Z
304,Laron,Jakubowski,Otho.Medhurst51@hotmail.com,1-125-993-6047 x7798,2020-04-02T16:22:13.030Z
305,Lizzie,Abbott,Kole58@yahoo.com,(307) 367-2082,2020-04-02T16:22:13.030Z
306,Ford,Roberts,Kaycee.Schmitt65@hotmail.com,(077) 482-7136,2020-04-02T16:22:13.030Z
307,Novella,Hickle,Blaise_Roberts93@gmail.com,802.103.5509 x95242,2020-04-02T16:22:13.030Z
308,Shany,Sauer,Timmy74@hotmail.com,(675) 879-7712,2020-04-02T16:22:13.030Z
309,Olaf,Wiza,Kellen_Feest17@yahoo.com,439-307-6884 x67783,2020-04-02T16:22:13.030Z
310,Maud,Stehr,Moriah_Padberg@gmail.com,459-489-2400,2020-04-02T16:22:13.030Z
311,Ida,Durgan,Hillary_Gleason@yahoo.com,1-328-827-4120 x36889,2020-04-02T16:22:13.030Z
312,Jordan,Grimes,Sofia66@yahoo.com,1-396-810-7910 x5778,2020-04-02T16:22:13.030Z
313,Lorenz,Spencer,Alene.Orn11@hotmail.com,1-164-408-2634 x886,2020-04-02T16:22:13.030Z
314,Maryjane,Tremblay,Heidi78@hotmail.com,(980) 234-6720,2020-04-02T16:22:13.030Z
315,Modesto,Schumm,Aileen.Rolfson@gmail.com,1-093-375-9434,2020-04-02T16:22:13.030Z
316,Serena,Anderson,Tressie8@yahoo.com,1-770-164-5324 x596,2020-04-02T16:22:13.030Z
317,Ruby,Greenfelder,Sibyl.Koch11@yahoo.com,505.064.3968 x1054,2020-04-02T16:22:13.030Z
318,Therese,Hagenes,Kody57@hotmail.com,904-667-4779 x9247,2020-04-02T16:22:13.030Z
319,Joelle,Hahn,Cheyenne_Grant12@yahoo.com,619.788.9378 x966,2020-04-02T16:22:13.030Z
320,Dagmar,Jacobson,Christop35@hotmail.com,(296) 156-1711,2020-04-02T16:22:13.030Z
321,Nathen,Rohan,Jessy_Zulauf86@yahoo.com,424-993-4383 x335,2020-04-02T16:22:13.030Z
322,Rahul,Aufderhar,Delfina18@gmail.com,971.629.2892 x9434,2020-04-02T16:22:13.030Z
323,Kelley,Kilback,Karli48@hotmail.com,1-878-044-6082,2020-04-02T16:22:13.030Z
324,Norma,MacGyver,Ellie18@yahoo.com,990-723-2752,2020-04-02T16:22:13.030Z
325,Braulio,Hickle,Otho.VonRueden@hotmail.com,(851) 804-9683 x223,2020-04-02T16:22:13.030Z
326,Eladio,Beier,Lizzie3@yahoo.com,1-248-814-1979 x7880,2020-04-02T16:22:13.030Z
327,Elmo,Bosco,Sylvester.Goldner@yahoo.com,(126) 917-9731 x6813,2020-04-02T16:22:13.030Z
328,Maddison,Waters,Monserrat.Brekke@hotmail.com,(922) 709-3638,2020-04-02T16:22:13.030Z
329,Kristian,Cummerata,Watson.Ward37@hotmail.com,1-850-953-0076,2020-04-02T16:22:13.030Z
330,Dejuan,Schmitt,Mckayla11@gmail.com,1-750-724-3255,2020-04-02T16:22:13.030Z
331,Brannon,Nicolas,Immanuel.King@yahoo.com,741.814.9968 x73912,2020-04-02T16:22:13.030Z
332,Nathan,Hickle,Erich55@yahoo.com,966-462-8009,2020-04-02T16:22:13.030Z
333,Dusty,Dietrich,Kristofer_Orn@gmail.com,886.268.6049 x853,2020-04-02T16:22:13.030Z
334,Mortimer,Wiza,Jarrod.Hessel3@yahoo.com,(245) 559-8407 x17946,2020-04-02T16:22:13.030Z
335,Armando,Stiedemann,Aurore.Ratke@hotmail.com,(387) 443-3901 x3811,2020-04-02T16:22:13.030Z
336,Earnest,Bogisich,Hassan1@gmail.com,173.116.6987 x018,2020-04-02T16:22:13.030Z
337,Kenton,Cremin,Barton_Goodwin@yahoo.com,(372) 210-0157 x71786,2020-04-02T16:22:13.030Z
338,Mara,Parisian,Dion91@hotmail.com,1-753-911-5433 x93553,2020-04-02T16:22:13.030Z
339,Monserrat,Corkery,Shanel.Larkin47@yahoo.com,1-593-208-2830,2020-04-02T16:22:13.030Z
340,Jeffry,Pacocha,Candido54@gmail.com,147.393.7591,2020-04-02T16:22:13.030Z
341,Ricardo,Schiller,Pearlie_Morissette@hotmail.com,753-006-8728 x9584,2020-04-02T16:22:13.030Z
342,Nestor,Hilll,Kelly_Bashirian37@gmail.com,897.603.2465 x708,2020-04-02T16:22:13.030Z
343,Douglas,Will,Etha39@gmail.com,250.177.3881,2020-04-02T16:22:13.030Z
344,Chris,Kling,Antonia_Russel@hotmail.com,1-622-828-4912 x84073,2020-04-02T16:22:13.030Z
345,Rosalia,Effertz,Lavonne.Kunze18@yahoo.com,(212) 774-6987 x661,2020-04-02T16:22:13.030Z
346,Deja,Rodriguez,Felicita2@yahoo.com,949.777.5976 x1629,2020-04-02T16:22:13.030Z
347,Lexi,Hermann,Jasmin_Volkman@hotmail.com,(099) 846-7819 x53654,2020-04-02T16:22:13.030Z
348,Carolyne,Schimmel,Abdul_Mante@yahoo.com,918-312-3904 x44753,2020-04-02T16:22:13.030Z
349,Graciela,Jones,Waylon66@hotmail.com,844.086.5981 x92167,2020-04-02T16:22:13.030Z
350,Jewell,Kertzmann,Garfield4@yahoo.com,413.002.0286 x8542,2020-04-02T16:22:13.030Z